{
  "route_id": "845",
  "start_point": [
    0,
    47.3977512,
    8.5456075,
    488
  ],
  "end_point": [
    9,
    47.392769,
    8.550371,
    450
  ],
  "zones": {
    "home_maneuver": 2,
    "home_approach": 3,
    "landing_approach": 52,
    "landing_maneuver": 53
  },
  "route_points": [
    [
      0,
      47.3977512,
      8.5456075,
      0.0
    ],
    [
      1,
      47.3977512,
      8.5456075,
      50.0
    ],
    [
      2,
      47.39777514978561,
      8.545868816283239,
      52.0
    ],
    [
      3,
      47.39782323543062,
      8.546390247343535,
      52.0
    ],
    [
      4,
      47.39756696239584,
      8.546649635026043,
      52.0
    ],
    [
      5,
      47.397040198541674,
      8.547830312630209,
      54.0
    ],
    [
      6,
      47.39576869958334,
      8.546595142213544,
      55.0
    ],
    [
      7,
      47.39375246552084,
      8.548139105234377,
      78.0
    ],
    [
      8,
      47.39440637927084,
      8.550536788984376,
      82.0
    ],
    [
      9,
      47.39387961541667,
      8.550918238671876,
      87.0
    ],
    [
      10,
      47.39380742781743,
      8.550136737779761,
      87.0
    ],
    [
      11,
      47.39385549102081,
      8.550658136871602,
      87.0
    ],
    [
      12,
      47.392769,
      8.550371,
      88.0
    ],
    [
      13,
      47.392769,
      8.550371,
      -38.0
    ]
  ],
  "route_exit_points": [],
  "emergency_routes_points": {},
  "user_points": [
    0,
    1,
    2,
    3,
    4,
    5,
    6,
    7,
    8,
    9
  ]
}
